{
    "0": {
        "precision": 0.7839195979899497,
        "recall": 0.78,
        "f1-score": 0.7819548872180451,
        "support": 400.0
    },
    "1": {
        "precision": 0.7810945273631841,
        "recall": 0.785,
        "f1-score": 0.7830423940149626,
        "support": 400.0
    },
    "accuracy": 0.7825,
    "macro avg": {
        "precision": 0.7825070626765669,
        "recall": 0.7825,
        "f1-score": 0.7824986406165038,
        "support": 800.0
    },
    "weighted avg": {
        "precision": 0.7825070626765668,
        "recall": 0.7825,
        "f1-score": 0.7824986406165039,
        "support": 800.0
    }
}