{
    "0": {
        "precision": 0.8513513513513513,
        "recall": 0.7875,
        "f1-score": 0.8181818181818182,
        "support": 400.0
    },
    "1": {
        "precision": 0.8023255813953488,
        "recall": 0.8625,
        "f1-score": 0.8313253012048193,
        "support": 400.0
    },
    "accuracy": 0.825,
    "macro avg": {
        "precision": 0.8268384663733501,
        "recall": 0.825,
        "f1-score": 0.8247535596933188,
        "support": 800.0
    },
    "weighted avg": {
        "precision": 0.8268384663733501,
        "recall": 0.825,
        "f1-score": 0.8247535596933188,
        "support": 800.0
    }
}