{
    "0": {
        "precision": 0.772020725388601,
        "recall": 0.745,
        "f1-score": 0.7582697201017812,
        "support": 400.0
    },
    "1": {
        "precision": 0.7536231884057971,
        "recall": 0.78,
        "f1-score": 0.7665847665847666,
        "support": 400.0
    },
    "accuracy": 0.7625,
    "macro avg": {
        "precision": 0.762821956897199,
        "recall": 0.7625,
        "f1-score": 0.7624272433432739,
        "support": 800.0
    },
    "weighted avg": {
        "precision": 0.7628219568971991,
        "recall": 0.7625,
        "f1-score": 0.7624272433432739,
        "support": 800.0
    }
}