{
    "0": {
        "precision": 0.6319845857418112,
        "recall": 0.82,
        "f1-score": 0.7138193688792165,
        "support": 400.0
    },
    "1": {
        "precision": 0.7437722419928826,
        "recall": 0.5225,
        "f1-score": 0.6138032305433186,
        "support": 400.0
    },
    "accuracy": 0.67125,
    "macro avg": {
        "precision": 0.6878784138673468,
        "recall": 0.6712499999999999,
        "f1-score": 0.6638112997112675,
        "support": 800.0
    },
    "weighted avg": {
        "precision": 0.6878784138673469,
        "recall": 0.67125,
        "f1-score": 0.6638112997112677,
        "support": 800.0
    }
}