{
    "0": {
        "precision": 0.7454068241469817,
        "recall": 0.71,
        "f1-score": 0.7272727272727273,
        "support": 400.0
    },
    "1": {
        "precision": 0.7231503579952268,
        "recall": 0.7575,
        "f1-score": 0.73992673992674,
        "support": 400.0
    },
    "accuracy": 0.73375,
    "macro avg": {
        "precision": 0.7342785910711043,
        "recall": 0.7337499999999999,
        "f1-score": 0.7335997335997336,
        "support": 800.0
    },
    "weighted avg": {
        "precision": 0.7342785910711043,
        "recall": 0.73375,
        "f1-score": 0.7335997335997336,
        "support": 800.0
    }
}