{
    "0": {
        "precision": 0.8387978142076503,
        "recall": 0.7675,
        "f1-score": 0.8015665796344648,
        "support": 400.0
    },
    "1": {
        "precision": 0.7857142857142857,
        "recall": 0.8525,
        "f1-score": 0.8177458033573142,
        "support": 400.0
    },
    "accuracy": 0.81,
    "macro avg": {
        "precision": 0.812256049960968,
        "recall": 0.81,
        "f1-score": 0.8096561914958895,
        "support": 800.0
    },
    "weighted avg": {
        "precision": 0.8122560499609679,
        "recall": 0.81,
        "f1-score": 0.8096561914958894,
        "support": 800.0
    }
}