{
    "0": {
        "precision": 0.8680351906158358,
        "recall": 0.74,
        "f1-score": 0.7989203778677463,
        "support": 400.0
    },
    "1": {
        "precision": 0.7734204793028322,
        "recall": 0.8875,
        "f1-score": 0.8265424912689173,
        "support": 400.0
    },
    "accuracy": 0.81375,
    "macro avg": {
        "precision": 0.820727834959334,
        "recall": 0.81375,
        "f1-score": 0.8127314345683319,
        "support": 800.0
    },
    "weighted avg": {
        "precision": 0.8207278349593339,
        "recall": 0.81375,
        "f1-score": 0.8127314345683316,
        "support": 800.0
    }
}