{
    "0": {
        "precision": 0.549929676511955,
        "recall": 0.9775,
        "f1-score": 0.7038703870387039,
        "support": 400.0
    },
    "1": {
        "precision": 0.898876404494382,
        "recall": 0.2,
        "f1-score": 0.32719836400818,
        "support": 400.0
    },
    "accuracy": 0.58875,
    "macro avg": {
        "precision": 0.7244030405031685,
        "recall": 0.58875,
        "f1-score": 0.515534375523442,
        "support": 800.0
    },
    "weighted avg": {
        "precision": 0.7244030405031685,
        "recall": 0.58875,
        "f1-score": 0.515534375523442,
        "support": 800.0
    }
}