{
    "0": {
        "precision": 0.7357142857142858,
        "recall": 0.7725,
        "f1-score": 0.7536585365853659,
        "support": 400.0
    },
    "1": {
        "precision": 0.7605263157894737,
        "recall": 0.7225,
        "f1-score": 0.7410256410256411,
        "support": 400.0
    },
    "accuracy": 0.7475,
    "macro avg": {
        "precision": 0.7481203007518797,
        "recall": 0.7475,
        "f1-score": 0.7473420888055035,
        "support": 800.0
    },
    "weighted avg": {
        "precision": 0.7481203007518797,
        "recall": 0.7475,
        "f1-score": 0.7473420888055035,
        "support": 800.0
    }
}