{
    "0": {
        "precision": 0.731764705882353,
        "recall": 0.7775,
        "f1-score": 0.7539393939393939,
        "support": 400.0
    },
    "1": {
        "precision": 0.7626666666666667,
        "recall": 0.715,
        "f1-score": 0.7380645161290322,
        "support": 400.0
    },
    "accuracy": 0.74625,
    "macro avg": {
        "precision": 0.7472156862745098,
        "recall": 0.74625,
        "f1-score": 0.7460019550342131,
        "support": 800.0
    },
    "weighted avg": {
        "precision": 0.7472156862745097,
        "recall": 0.74625,
        "f1-score": 0.7460019550342131,
        "support": 800.0
    }
}