{
    "0": {
        "precision": 0.8467741935483871,
        "recall": 0.7875,
        "f1-score": 0.8160621761658031,
        "support": 400.0
    },
    "1": {
        "precision": 0.8014018691588785,
        "recall": 0.8575,
        "f1-score": 0.8285024154589372,
        "support": 400.0
    },
    "accuracy": 0.8225,
    "macro avg": {
        "precision": 0.8240880313536327,
        "recall": 0.8225,
        "f1-score": 0.8222822958123701,
        "support": 800.0
    },
    "weighted avg": {
        "precision": 0.8240880313536328,
        "recall": 0.8225,
        "f1-score": 0.8222822958123701,
        "support": 800.0
    }
}