{
    "0": {
        "precision": 0.7255813953488373,
        "recall": 0.78,
        "f1-score": 0.7518072289156627,
        "support": 400.0
    },
    "1": {
        "precision": 0.7621621621621621,
        "recall": 0.705,
        "f1-score": 0.7324675324675325,
        "support": 400.0
    },
    "accuracy": 0.7425,
    "macro avg": {
        "precision": 0.7438717787554997,
        "recall": 0.7424999999999999,
        "f1-score": 0.7421373806915976,
        "support": 800.0
    },
    "weighted avg": {
        "precision": 0.7438717787554997,
        "recall": 0.7425,
        "f1-score": 0.7421373806915974,
        "support": 800.0
    }
}