{
    "0": {
        "precision": 0.8074866310160428,
        "recall": 0.755,
        "f1-score": 0.7803617571059431,
        "support": 400.0
    },
    "1": {
        "precision": 0.7699530516431925,
        "recall": 0.82,
        "f1-score": 0.7941888619854721,
        "support": 400.0
    },
    "accuracy": 0.7875,
    "macro avg": {
        "precision": 0.7887198413296177,
        "recall": 0.7875,
        "f1-score": 0.7872753095457077,
        "support": 800.0
    },
    "weighted avg": {
        "precision": 0.7887198413296176,
        "recall": 0.7875,
        "f1-score": 0.7872753095457077,
        "support": 800.0
    }
}