{
    "0": {
        "precision": 0.7922705314009661,
        "recall": 0.82,
        "f1-score": 0.8058968058968059,
        "support": 400.0
    },
    "1": {
        "precision": 0.8134715025906736,
        "recall": 0.785,
        "f1-score": 0.7989821882951654,
        "support": 400.0
    },
    "accuracy": 0.8025,
    "macro avg": {
        "precision": 0.8028710169958199,
        "recall": 0.8025,
        "f1-score": 0.8024394970959856,
        "support": 800.0
    },
    "weighted avg": {
        "precision": 0.80287101699582,
        "recall": 0.8025,
        "f1-score": 0.8024394970959857,
        "support": 800.0
    }
}